{"_runtime":0.5463656,"_step":7,"_wandb":{"runtime":0},"acc":0.7475533520812074,"loss":0.18665219795111038,"_timestamp":1.7419605920708358e+09}